{"cameraMode":{"drawMode":0,"name":"Shaded","section":"Shading Mode"},"sceneLighting":true,"audioPlay":false,"sceneViewState":{"m_AlwaysRefresh":false,"showFog":true,"showSkybox":true,"showFlares":true,"showImageEffects":true,"showParticleSystems":true,"showVisualEffectGraphs":true,"m_FxEnabled":true},"in2DMode":false,"pivot":{"x":96.43012237548828,"y":-78.14659881591797,"z":176.44483947753907},"rotation":{"x":0.19558896124362946,"y":0.26994189620018008,"z":-0.056096188724040988,"w":0.9411690831184387},"size":130.85452270507813,"orthographic":false}