{"cameraMode":{"drawMode":0,"name":"Shaded","section":"Shading Mode"},"sceneLighting":true,"audioPlay":false,"sceneViewState":{"m_AlwaysRefresh":false,"showFog":true,"showSkybox":true,"showFlares":true,"showImageEffects":true,"showParticleSystems":true,"showVisualEffectGraphs":true,"m_FxEnabled":true},"in2DMode":false,"pivot":{"x":11.387173652648926,"y":-1.6907238960266114,"z":-3.5989327430725099},"rotation":{"x":0.11300326138734818,"y":0.7940133810043335,"z":-0.15559177100658418,"w":0.5767258405685425},"size":11.38636589050293,"orthographic":false}