{"cameraMode":{"drawMode":0,"name":"Shaded","section":"Shading Mode"},"sceneLighting":true,"audioPlay":false,"sceneViewState":{"m_AlwaysRefresh":false,"showFog":true,"showSkybox":true,"showFlares":true,"showImageEffects":true,"showParticleSystems":true,"showVisualEffectGraphs":true,"m_FxEnabled":true},"in2DMode":false,"pivot":{"x":-67.10002136230469,"y":80.17362976074219,"z":10.291197776794434},"rotation":{"x":0.36454811692237856,"y":0.22194787859916688,"z":-0.0899224504828453,"w":0.8998941779136658},"size":20.776884078979493,"orthographic":false}