{"cameraMode":{"drawMode":0,"name":"Shaded","section":"Shading Mode"},"sceneLighting":true,"audioPlay":false,"sceneViewState":{"m_AlwaysRefresh":false,"showFog":true,"showSkybox":true,"showFlares":true,"showImageEffects":true,"showParticleSystems":true,"showVisualEffectGraphs":true,"m_FxEnabled":true},"in2DMode":false,"pivot":{"x":225.75790405273438,"y":21.72843360900879,"z":243.33299255371095},"rotation":{"x":0.013082172721624375,"y":0.6901259422302246,"z":-0.012801121920347214,"w":0.7237183451652527},"size":130.1635284423828,"orthographic":false}