{"cameraMode":{"drawMode":0,"name":"Shaded","section":"Shading Mode"},"sceneLighting":true,"audioPlay":false,"sceneViewState":{"m_AlwaysRefresh":false,"showFog":true,"showSkybox":true,"showFlares":true,"showImageEffects":true,"showParticleSystems":true,"showVisualEffectGraphs":true,"m_FxEnabled":true},"in2DMode":false,"pivot":{"x":-156.5871124267578,"y":3.223468065261841,"z":63.60492706298828},"rotation":{"x":0.017194470390677453,"y":-0.7125787734985352,"z":0.017182255163788797,"w":0.7013072371482849},"size":9.074846267700196,"orthographic":false}