{"cameraMode":{"drawMode":0,"name":"Shaded","section":"Shading Mode"},"sceneLighting":true,"audioPlay":false,"sceneViewState":{"m_AlwaysRefresh":false,"showFog":true,"showSkybox":true,"showFlares":true,"showImageEffects":true,"showParticleSystems":true,"showVisualEffectGraphs":true,"m_FxEnabled":true},"in2DMode":false,"pivot":{"x":5.438613414764404,"y":-4.669615745544434,"z":35.801082611083987},"rotation":{"x":0.12173587083816529,"y":-0.07585396617650986,"z":0.009331431239843369,"w":0.9896175861358643},"size":39.24725341796875,"orthographic":false}