{"cameraMode":{"drawMode":0,"name":"Shaded","section":"Shading Mode"},"sceneLighting":true,"audioPlay":false,"sceneViewState":{"m_AlwaysRefresh":false,"showFog":true,"showSkybox":true,"showFlares":true,"showImageEffects":true,"showParticleSystems":true,"showVisualEffectGraphs":true,"m_FxEnabled":true},"in2DMode":false,"pivot":{"x":195.1861114501953,"y":54.681983947753909,"z":13.728253364562989},"rotation":{"x":-0.00639604777097702,"y":-0.9925634264945984,"z":0.1109110489487648,"w":-0.052298106253147128},"size":135.72384643554688,"orthographic":false}